id,column,annotation
7357772207445134608.mp4_scene_2,shot_scale_vlm_1c_09_tuple,"(Uncertain, Motivation: The image appears to be a wide shot with a red sky and some structures visible, but it's difficult to determine if there is a clear subject due to the lack of context.)"
7357772207445134608.mp4_scene_9,shot_scale_vlm_1c_09_tuple,"(Uncertain, Motivation: The image appears to be a close-up view of a vehicle or drone on a sandy surface, but it is difficult to determine the exact shot scale due to limited context and framing.)"
7357772207445134608.mp4_scene_10,shot_scale_vlm_1c_09_tuple,"('Medium full shot', 'The subject (missiles) takes up most of the frame from the knees up, with the background showing a green surface and part of a blue curtain.)"
7357772207445134608.mp4_scene_13,shot_scale_vlm_1c_09_tuple,"(Uncertain, 'Motivation') - The provided image appears to be a map with text and a red circle highlighting Iran. There are no discernible subjects or focus points within the frame, making it difficult to classify the shot scale accurately."
7357772207445134608.mp4_scene_19,shot_scale_vlm_1a_09_tuple,"('Uncertain', 'The image appears to be a still from a video with text overlay and a blurred object in the center. The lack of clear subject matter makes it difficult to determine the shot scale accurately. However, the blurred object could potentially be a medium close up or close up if more details were visible.)"
7357772207445134608.mp4_scene_19,shot_scale_vlm_1b_09_tuple,"('Empty', 'Motivation: The image appears to be an overlay with text and graphics, lacking any discernible subject or focus within the frame. It is not a video still but rather a static graphic with no background details visible.)"
7357772207445134608.mp4_scene_19,shot_scale_vlm_1c_09_tuple,"(Uncertain, 'Motivation') - The image appears to be an empty frame with no discernible subject or focus, showing only the setting or environment. However, the presence of text and a crosshair suggests that there may be some subject matter in the background or on a different layer, making it difficult to classify with certainty."
7357772207445134608.mp4_scene_21,shot_scale_vlm_1b_09_tuple,"('Empty', 'Motivation: The frame shows a night sky with two bright lights and some smoke trails, but no discernible subject or focus is present within this shot scale category.)"
7357772207445134608.mp4_scene_21,shot_scale_vlm_1c_09_tuple,"(Uncertain, 'Motivation') - The image appears to be an empty shot with no discernible subject or focus, showing only the night sky and lights. However, there may be some faint outlines that could suggest a subject in the distance, making it difficult to classify with certainty."
7357772207445134608.mp4_scene_22,shot_scale_vlm_1c_09_tuple,"('Wide shot', 'The subject (the Dome of the Rock) is visible from head to toe with the background (night sky and surrounding area) dominating a significant portion of the frame, indicating a wide shot.)"
7357772207445134608.mp4_scene_25,shot_scale_vlm_1b_09_tuple,"('Empty', 'Motivation: The frame shows a night sky with clouds and a bright light source, but no discernible subject or focus within the visible area of the shot. The text overlay is not considered part of the visual content.)"
7357772207445134608.mp4_scene_31,shot_scale_vlm_1c_09_tuple,"(Uncertain, 'Motivation') - The provided image appears to be an empty frame with no discernible subject or focus, showing only the setting or environment. However, without additional context or visual elements, it's challenging to confidently classify the shot scale."
7288363457341164801.mp4_scene_2,shot_scale_vlm_1c_09_tuple,"(Uncertain, Motivation: The image appears to be a wide shot with the background dominating the scene, but it's difficult to determine if there is a discernible subject due to the lack of clear focus and the presence of multiple elements in the frame.)"
7422617346390494471.mp4_scene_2,shot_scale_vlm_1c_09_tuple,"('Medium close up', 'The subject is framed from the head up and takes up most of the frame, with a focus on their face and upper body, indicating a close-up shot.)"
7422617346390494471.mp4_scene_5,shot_scale_vlm_1b_09_tuple,"('Empty', 'Motivation: The frame shows only the setting and environment with no discernible subject or focus, highlighting the surrounding vegetation and dilapidated building.)"
7421923208376405266.mp4_scene_1,shot_scale_vlm_1c_09_tuple,"('Medium close up', 'The subject is framed from the head up and takes up most of the frame, with a clear focus on the person's face and upper body.)"
7421923208376405266.mp4_scene_3,shot_scale_vlm_1c_09_tuple,"(Uncertain, 'Motivation') - The image appears to be very dark and blurry, making it difficult to discern any clear subject or focus. There are no visible subjects or background elements that can be identified with certainty."
7421923208376405266.mp4_scene_6,shot_scale_vlm_1b_09_tuple,"('Empty', 'Motivation: The frame shows a natural outdoor setting with rocks and leaves, but there is no discernible subject or focus within this shot.)"
7421923208376405266.mp4_scene_6,shot_scale_vlm_1c_09_tuple,"(Uncertain, Motivation: The image appears to be focused on a rusted metal object and some natural surroundings, but it's not clear if there is a discernible subject or focus within the frame.)"
7421923208376405266.mp4_scene_8,shot_scale_vlm_1a_09_tuple,"('Wide shot', 'The subject (the weapons) takes up a significant portion of the frame with the background showing the setting and environment, but not dominating it as much as in a full shot.)"
7421923208376405266.mp4_scene_9,shot_scale_vlm_1c_09_tuple,"(Uncertain, 'Motivation') - The image appears to be an aerial view of a landscape with text overlaid on it. It does not show any discernible subject or focus within the frame, making it difficult to classify as one of the shot scales provided."
7417541679802060050.mp4_scene_2,shot_scale_vlm_1c_09_tuple,"(Uncertain, Motivation: The image shows a landscape with houses and hills, but it is unclear if there is a discernible subject or focus within the frame. The text overlay suggests a context that might be relevant to the video content, but does not provide enough visual information to classify the shot scale.)"
7417541679802060050.mp4_scene_4,shot_scale_vlm_1c_09_tuple,"('Medium full shot', 'The subject is framed from the knees up and occupies most of the frame, with the background showing a landscape and buildings.)"
7417541679802060050.mp4_scene_5,shot_scale_vlm_1c_09_tuple,"(Uncertain, 'Motivation') - The image appears to be a close-up view with a focus on the text and some blurred background details. However, it's challenging to determine the exact shot scale due to the lack of clear visual elements and context provided by the image."
7417541679802060050.mp4_scene_6,shot_scale_vlm_1c_09_tuple,"(Uncertain, Motivation: The image shows a building and some text overlaying it, but it's unclear if there is a clear subject or focus within the frame due to the limited information provided.)"
7417541679802060050.mp4_scene_7,shot_scale_vlm_1c_09_tuple,"(Uncertain, Motivation: The image appears to be a close-up shot with a blurred background, making it difficult to determine the exact shot scale.)"
7417541679802060050.mp4_scene_12,shot_scale_vlm_1c_09_tuple,"(Uncertain, 'Motivation') - The image appears to be an empty shot with no discernible subject or focus. However, the presence of text and a partially visible sky suggests that there might be some elements in the frame that could provide context for a classification. Without more visual information, it is difficult to determine the exact shot scale."
7417541679802060050.mp4_scene_13,shot_scale_vlm_1c_09_tuple,"(Uncertain, 'Motivation') - The image appears to be an aerial view with no discernible subject or focus, showing only the setting or environment. However, the text overlay and the lack of a clear subject make it difficult to classify the shot scale accurately."
7417541679802060050.mp4_scene_16,shot_scale_vlm_1b_09_tuple,"('Empty', 'Motivation: The frame shows a night sky with bright lights and text overlay, but no discernible subject or focus within the visible area.)"
7417541679802060050.mp4_scene_17,shot_scale_vlm_1a_04_tuple,"('Wide shot', 'The frame shows multiple people and a large fire with significant background details like trees and buildings, indicating that the subject (people) is seen in full but not as prominently as they would be in a close-up.)"
7417541679802060050.mp4_scene_18,shot_scale_vlm_1c_04_tuple,"('Wide shot', 'The subject (the landscape) is fully visible with significant background prominence, showing a wide view including the road sign and distant smoke.)"
7417541679802060050.mp4_scene_18,shot_scale_vlm_1c_09_tuple,"('Medium full shot', 'The subject is framed from the knees up and occupies most of the frame, with the background showing a road sign and distant smoke.)"
7414538490660048135.mp4_scene_12,shot_scale_vlm_1b_09_tuple,"('Empty', 'Motivation: The frame shows a debris-filled area with no clear subject or focal point, focusing instead on the environment and setting.)"
7414538490660048135.mp4_scene_14,shot_scale_vlm_1c_09_tuple,"(Uncertain, 'Motivation') - The image appears to be taken from a video with a focus on the environment and setting rather than a specific subject. However, without more context or visual elements that clearly define the shot scale, it is difficult to accurately classify this still image."
7413374980831874312.mp4_scene_4,shot_scale_vlm_1c_09_tuple,"('Medium close up', 'The subject is framed from the head up and takes up most of the frame, with the background showing a wall with cartoon characters and text.)"
7413374980831874312.mp4_scene_6,shot_scale_vlm_1c_09_tuple,"('Medium close up', 'The soldier is framed from the head up to the shoulders and takes up most of the frame, with the background showing a damaged building and graffiti.)"
7413374980831874312.mp4_scene_11,shot_scale_vlm_1c_09_tuple,"('Medium close up', 'The subject occupies most of the frame from head to shoulders, with the background showing a corridor and a person in the distance, indicating a medium close-up shot.)"
7413374980831874312.mp4_scene_12,shot_scale_vlm_1a_09_tuple,"('Uncertain', 'The image appears to be taken inside a tunnel with a person walking away from the camera. The background is somewhat dark and indistinct, making it difficult to determine the scale of the shot accurately. There are no clear visual elements that would definitively classify this as a wide shot, full shot, medium full shot, medium shot, medium close up, or close up.)"
7413374980831874312.mp4_scene_12,shot_scale_vlm_1c_09_tuple,"('Medium full shot', 'The subject is framed from the knees up and occupies most of the frame, with the tunnel walls providing context but not dominating the background.)"
7413374980831874312.mp4_scene_14,shot_scale_vlm_1c_09_tuple,"(Uncertain, 'Motivation') - The image appears to be taken from a narrow perspective, potentially a close-up or medium close-up, but it's difficult to determine the exact shot scale without more context or a wider view."
7413374980831874312.mp4_scene_15,shot_scale_vlm_1c_09_tuple,"(Uncertain, 'Motivation') - The image appears to be taken in a narrow space with various objects scattered around, but it's difficult to determine the exact shot scale without more context or visual cues such as framing and focus."
7413374980831874312.mp4_scene_16,shot_scale_vlm_1c_09_tuple,"(Uncertain, 'Motivation') - The image appears to be taken from a narrow corridor with some debris on the ground and wooden walls. It's difficult to determine the exact shot scale without more context or visual information about the subject matter."
7413374980831874312.mp4_scene_17,shot_scale_vlm_1c_09_tuple,"(Uncertain, 'Motivation') - The image appears to be an empty frame with no discernible subject or focus. However, there are some objects and a caption that suggest a setting or environment. Without more context or visual elements, it is difficult to classify the shot scale accurately."
7405981980120075540.mp4_scene_4,shot_scale_vlm_1a_09_tuple,"('Empty', 'Motivation': The image is an aerial view of a school compound with no discernible subject or focus within the frame.)"
7405981980120075540.mp4_scene_4,shot_scale_vlm_1b_09_tuple,"('Empty', 'Motivation': The image appears to be an aerial view of a school compound with no discernible subject or focus within the frame.)"
7405981980120075540.mp4_scene_4,shot_scale_vlm_1c_09_tuple,"(Uncertain, Motivation) - The image appears to be an aerial view of a school compound with buildings and surrounding areas visible. It does not show any specific subject or focus within the frame, making it difficult to classify as a traditional shot scale."
7405981980120075540.mp4_scene_5,shot_scale_vlm_1b_09_tuple,"('Empty', 'Motivation: The image appears to be an aerial view of a cityscape with no discernible subject or focus, showing only the setting and environment.)"
7405981980120075540.mp4_scene_5,shot_scale_vlm_1c_09_tuple,"(Uncertain, 'Motivation') - The image appears to be an aerial view of a cityscape with various buildings and streets visible. It does not show any specific subject or focus within the frame, making it difficult to classify as a traditional shot scale."
7405981980120075540.mp4_scene_6,shot_scale_vlm_1b_09_tuple,"('Empty', 'Motivation: The image appears to be an aerial view of a cityscape with no discernible subject or focus, showing only the setting and environment.)"
7405981980120075540.mp4_scene_6,shot_scale_vlm_1c_09_tuple,"(Uncertain, 'Motivation') - The image appears to be an aerial view of a school with text overlaying it, but there are no discernible subjects or focus points within the frame. Therefore, it is difficult to classify the shot scale accurately without more context or visual elements."
7404838712183508231.mp4_scene_1,shot_scale_vlm_1c_09_tuple,"('Medium full shot', 'The subject is framed from the knees up and takes up most of the frame, with the background showing a tank and the environment.)"
7404838712183508231.mp4_scene_2,shot_scale_vlm_1c_09_tuple,"('Medium full shot', 'The subject is framed from the knees up and takes up most of the frame, with the background showing a tank and the sky.)"
7404838712183508231.mp4_scene_4,shot_scale_vlm_1a_09_tuple,"('Medium full shot', 'The subject is framed from the knees up and takes up most of the frame, with the background showing part of the tank and the sky.)"
7404838712183508231.mp4_scene_4,shot_scale_vlm_1c_09_tuple,"('Medium full shot', 'The subject is framed from the knees up and takes up most of the frame, with the background showing a tank and sky.)"
7400840806661197077.mp4_scene_4,shot_scale_vlm_1c_09_tuple,"(Uncertain, Motivation: The image appears to be a wide shot with the subject (missiles) taking up a significant portion of the frame, but it's difficult to determine if the background is more prominent than in a full shot due to the night setting and lack of visible subjects.)"
7400840806661197077.mp4_scene_9,shot_scale_vlm_1c_09_tuple,"('Medium close up', 'The subject is framed from the head up and takes up most of the frame, with a clear focus on the rocket launch and surrounding landscape.)"
7400840806661197077.mp4_scene_12,shot_scale_vlm_1b_09_tuple,"('Empty', 'Motivation: The frame shows only the night sky with lights and text overlaying it, with no discernible subject or focus within the shot.)"
7400840806661197077.mp4_scene_12,shot_scale_vlm_1c_09_tuple,"(Uncertain, 'Motivation') - The image appears to be a close-up shot with a focus on text and a small portion of the sky. However, without more context or visual elements, it's difficult to determine the exact shot scale."
7397447925460241671.mp4_scene_4,shot_scale_vlm_1c_09_tuple,"('Medium full shot', 'The subject is framed from the knees up and occupies most of the frame, with the background showing a group of people and a landscape.)"
7397447925460241671.mp4_scene_6,shot_scale_vlm_1c_09_tuple,"(Uncertain, 'Motivation') - The image appears to be an aerial view of clouds with text overlaying it. It does not have a clear subject or focus and shows only the setting or environment. However, without more context or visual elements, it is difficult to determine if this is an empty shot or if there is any other content that could classify it as a different shot scale."
7397447925460241671.mp4_scene_9,shot_scale_vlm_1c_09_tuple,"('Wide shot', 'The subject (a car) is visible in full with the background dominating the frame, indicating a wide shot.)"
7397447925460241671.mp4_scene_12,shot_scale_vlm_1c_09_tuple,"(Uncertain, 'Motivation') - The image appears to be an empty shot with no discernible subject or focus, showing only the setting and environment. However, there are some blurred figures in the background that could potentially be subjects, making it difficult to classify the shot scale accurately."
7397447925460241671.mp4_scene_15,shot_scale_vlm_1c_09_tuple,"(Uncertain, 'Motivation') - The image appears to be a medium shot as it captures the subjects from the waist up and includes some background details. However, the presence of text overlay makes it difficult to determine the exact shot scale with certainty."
7396409314396687632.mp4_scene_2,shot_scale_vlm_1c_09_tuple,"(Uncertain, 'Motivation') - The image appears to be very dark and lacks any discernible subject or focus, making it difficult to classify with certainty."
7390029779774229781.mp4_scene_4,shot_scale_vlm_1b_09_tuple,"('Empty', 'Motivation: The frame shows an outdoor setting with various objects and plants, but there is no discernible subject or focus within the shot.)"
7386685007823162642.mp4_scene_2,shot_scale_vlm_1c_09_tuple,"(Uncertain, Motivation: The image appears to be taken from inside a vehicle with a view of the outside environment through the windshield. It shows part of the interior and some external elements, but it's not clear if there is a discernible subject or focus within the frame.)"
7367077964921572625.mp4_scene_3,shot_scale_vlm_1c_09_tuple,"(Uncertain, 'Motivation') - The image appears to be completely black with no discernible subject or focus, making it difficult to classify as any specific shot scale."
7365531535774207248.mp4_scene_4,shot_scale_vlm_1c_09_tuple,"('Medium full shot', 'The subject is framed from the knees up and takes up most of the frame, with the background showing a street scene and vehicles.)"
7365531535774207248.mp4_scene_6,shot_scale_vlm_1c_09_tuple,"('Medium close up', 'The flag occupies most of the frame and is the main focus, with text overlaid at the bottom.)"
7365531535774207248.mp4_scene_12,shot_scale_vlm_1c_09_tuple,"('Medium full shot', 'The subject (tank) takes up most of the frame from the knees up, with the background showing other tanks and a flag.)"
7365531535774207248.mp4_scene_14,shot_scale_vlm_1c_09_tuple,"('Medium full shot', 'The subject (a military vehicle) takes up most of the frame from the knees up, with the background showing a cloudy sky and part of the vehicle's side.)"
7360386332880948481.mp4_scene_2,shot_scale_vlm_1c_09_tuple,"('Wide shot', 'The subject (the tank) is visible in full with the background dominating the frame, indicating a wide shot.)"
7360386332880948481.mp4_scene_3,shot_scale_vlm_1c_09_tuple,"('Medium full shot', 'The subject is framed from the knees up and takes up most of the frame, with the background showing a person standing in front of a large tank-like object and a building in the distance.)"
7360386332880948481.mp4_scene_6,shot_scale_vlm_1c_09_tuple,"(Uncertain, 'Motivation') - The image is completely black with no discernible subject or focus, making it difficult to classify as any specific shot scale."
7358551328412486928.mp4_scene_2,shot_scale_vlm_1c_09_tuple,"(Uncertain, 'Motivation') - The image appears to be a wide shot with the subject (a large cylindrical object) taking up most of the frame. However, without more context or visual cues about the subject's size and position relative to the surroundings, it is difficult to confidently classify the shot scale."
7352976654261652753.mp4_scene_1,shot_scale_vlm_1c_09_tuple,"(Uncertain, 'Motivation') - The image appears to be very dark and lacks clear visual elements that would allow for a confident classification into one of the specified shot scales. The silhouette of a person is visible, but due to the low light conditions, it is difficult to determine the exact scale or context of the shot."
7352976654261652753.mp4_scene_5,shot_scale_vlm_1c_09_tuple,"(Uncertain, 'Motivation') - The image appears to be very dark and lacks any discernible subject or focus, making it difficult to classify with certainty. However, given the lack of visible content, it could potentially be classified as an ""Empty"" shot."
7349653141559741704.mp4_scene_7,shot_scale_vlm_1c_09_tuple,"('Medium close up', 'The image shows two individuals from the waist up, with their faces and upper bodies taking up most of the frame, indicating a medium close-up shot.)"
7349653141559741704.mp4_scene_9,shot_scale_vlm_1c_04_tuple,"('Medium full shot', 'The subjects are framed from the knees up and fully visible, with their upper bodies taking a significant portion of the frame but not dominating it as much as a close-up would.')

This classification is based on the fact that both individuals in the image are fully visible from the knees up, which aligns with the definition of a medium full shot. The subjects' upper bodies take up a considerable amount of space within the frame without being so dominant as to classify them as a close-up or full shot."
7349653141559741704.mp4_scene_14,shot_scale_vlm_1b_09_tuple,"('uncertain', 'The image contains multiple shots with varying scales, making it difficult to provide a single classification that encompasses all shots.)"
7347367797426736386.mp4_scene_4,shot_scale_vlm_1c_09_tuple,"(Uncertain, Motivation: The image appears to be a wide shot with the subject (the airplane) visible in full and the background dominating the frame. However, the text overlay makes it difficult to determine the exact shot scale.)"
7347367797426736386.mp4_scene_5,shot_scale_vlm_1c_09_tuple,"(Uncertain, Motivation: The image appears to be a sequence of frames from a video, showing a car and a missile launch in a desert setting. The shot scale seems to change between wide shots and medium full shots, but it is difficult to determine the exact scale due to the motion blur and lack of clear visual elements.)"
7347367797426736386.mp4_scene_6,shot_scale_vlm_1a_09_tuple,"('Wide shot', 'The subject (the truck and its contents) occupies a significant portion of the frame, with the background (building and surroundings) providing context but not overwhelming the main focus.)"
7347367797426736386.mp4_scene_6,shot_scale_vlm_1c_09_tuple,"('Medium full shot', 'The subject (a military vehicle) takes up most of the frame from the knees up, with the background showing a building and some text overlay.)"
7347367797426736386.mp4_scene_12,shot_scale_vlm_1b_09_tuple,"('Empty', 'Motivation: The frame shows only the setting and environment without any discernible subject or focus.)"
7347367797426736386.mp4_scene_12,shot_scale_vlm_1c_09_tuple,"('Medium close up', 'The image shows a close-up view of a drone with details such as its body and wheels visible, indicating that it is a medium close-up shot.)"
7347367797426736386.mp4_scene_15,shot_scale_vlm_1b_09_tuple,"('Empty', 'Motivation: The image appears to be an aerial view of a landscape with no discernible subject or focus, showing only the environment and terrain. There are no people, objects, or specific locations that can be identified within this frame.)"
7347367797426736386.mp4_scene_15,shot_scale_vlm_1c_09_tuple,"(Uncertain, 'Motivation') - The provided image appears to be an aerial view with no discernible subject or focus, showing only the setting or environment. However, without more context or visual elements, it's difficult to confidently classify the shot scale."
7347367797426736386.mp4_scene_16,shot_scale_vlm_1a_09_tuple,"('Empty', 'Motivation: The frame contains no discernible subject or focus, only text and a background pattern.)"
7347367797426736386.mp4_scene_16,shot_scale_vlm_1b_09_tuple,"('Empty', 'Motivation: The frame contains no discernible subject or focus, only the number ""1"" and text on a blue grid background.)"
7347367797426736386.mp4_scene_17,shot_scale_vlm_1a_09_tuple,"('Uncertain', 'Motivation: The image appears to be a close-up shot with text overlaying it, but without any clear subject or focus within the frame.)"
7347367797426736386.mp4_scene_17,shot_scale_vlm_1b_09_tuple,"('Empty', 'Motivation: The frame contains no discernible subject or focus, showing only text and lines on a blue background.)"
7347367797426736386.mp4_scene_17,shot_scale_vlm_1c_09_tuple,"(Uncertain, 'Motivation') - The image appears to be an animated graphic with text overlaying it, making it difficult to determine a specific shot scale as there are no discernible subjects or background elements present."
7347367797426736386.mp4_scene_21,shot_scale_vlm_1b_09_tuple,"('Empty', 'Motivation: The image shows an empty frame with no discernible subject or focus, only the desert setting and environment are visible.)"
7347367797426736386.mp4_scene_21,shot_scale_vlm_1c_09_tuple,"(Uncertain, 'Motivation') - The image appears to be a collage of three different shots, but it's unclear which specific shot scale applies as the information provided does not allow for a clear classification."
7347367797426736386.mp4_scene_22,shot_scale_vlm_1c_09_tuple,"(Uncertain, 'Motivation') - The image appears to be a medium shot as it shows a subject (likely a vehicle) from the waist up with some background details visible. However, the presence of text overlay and the fact that the subject is partially obscured by smoke or dust make it difficult to confidently classify the shot scale."
7347367797426736386.mp4_scene_23,shot_scale_vlm_1c_09_tuple,"(Uncertain, 'Motivation') - The image appears to be a medium close-up shot as it shows a subject (the target board) from the head up and takes up most of the frame. However, without more context or additional frames, it is difficult to determine the exact shot scale."
7347367797426736386.mp4_scene_24,shot_scale_vlm_1c_09_tuple,"(Uncertain, 'Motivation') - The provided image does not clearly show any subject or focus, making it difficult to classify its shot scale with certainty. However, based on the visible elements, it appears to be an empty shot as there is no discernible subject or background details present."
7347367797426736386.mp4_scene_25,shot_scale_vlm_1a_09_tuple,"('Uncertain', 'Motivation: The image appears to be a close-up shot with a large number ""2"" dominating the frame. However, without additional context or subjects, it is difficult to determine if this is a close-up, medium close up, or even a full shot.)"
7347367797426736386.mp4_scene_25,shot_scale_vlm_1b_09_tuple,"('Empty', 'Motivation: The frame shows only the number ""2"" on a blue grid background with no other discernible subject or focus.)"
7347367797426736386.mp4_scene_27,shot_scale_vlm_1c_09_tuple,"('Empty', 'The image shows a blue grid pattern with the word ""ACOURACY"" repeated three times, but no discernible subject or focus within the frame. The background and setting are the only elements present, making it an empty shot.)"
7347367797426736386.mp4_scene_30,shot_scale_vlm_1b_09_tuple,"('WS', 'The first frame shows a wide shot with the background dominating the scene, while the second and third frames focus on specific subjects within the environment, but still maintain a wide perspective.)"
7347367797426736386.mp4_scene_30,shot_scale_vlm_1c_09_tuple,"(Uncertain, 'Motivation') - The provided image appears to be a collage of multiple frames from a video, making it difficult to determine the shot scale with certainty. However, based on the visible elements in each frame, it seems that the shots are likely medium close-ups or close-ups, as they focus on specific subjects within the environment."
7347367797426736386.mp4_scene_31,shot_scale_vlm_1c_09_tuple,"(Uncertain, 'Motivation') - The provided image appears to be a screenshot from a video, but it does not provide enough information to confidently determine the shot scale. There are no clear subjects or focal points in the image, and the text overlay makes it difficult to assess the background or setting."
7347367797426736386.mp4_scene_32,shot_scale_vlm_1b_09_tuple,"('Empty', 'Motivation: The image appears to be a screenshot from a video, but it does not show any discernible subject or focus within the frame. It only shows a patterned surface with no clear background or environment details.)"
7347367797426736386.mp4_scene_32,shot_scale_vlm_1c_09_tuple,"(Uncertain, 'Motivation') - The image appears to be a screenshot from a video, but it is unclear whether there is a discernible subject or focus within the frame. The background seems to dominate the scene, making it difficult to classify the shot scale with certainty."
7347367797426736386.mp4_scene_37,shot_scale_vlm_1c_04_tuple,"('Wide shot', 'The image shows rockets being fired into the sky with a clear view of their trajectory and the surrounding environment, indicating that the subject (the rockets) is fully visible within the frame but the background dominates more than in a full shot.')

This classification is based on the fact that the rockets are clearly visible and dominate the foreground, while the background elements such as the sky and clouds provide context. The rockets themselves are not the only focus of the image; they are part of a larger scene with significant environmental detail."
7347367797426736386.mp4_scene_37,shot_scale_vlm_1c_09_tuple,"(Uncertain, 'Motivation') - The image appears to be a sequence of three frames showing a sky with trails from rockets being fired. It's difficult to determine the exact shot scale without more context or visual information about the subjects in the frame."
7347367797426736386.mp4_scene_38,shot_scale_vlm_1c_09_tuple,"(Uncertain, 'Motivation') - The image appears to be a collage of three different shots, each with varying levels of detail and focus. The first shot shows a wide view of a cityscape at night, which could be classified as a wide shot due to the expansive background. The second shot focuses on a specific area within the cityscape, potentially a medium full shot or medium shot depending on the framing. The third shot is more zoomed in and captures a close-up detail, possibly a close up or medium close up. Without further context or a single coherent frame, it's challenging to provide a definitive classification."
7347367797426736386.mp4_scene_41,shot_scale_vlm_1c_09_tuple,"(Uncertain, 'Motivation') - The provided image appears to be a series of still images from a video, showing explosions and smoke. However, without more context or a single frame for analysis, it is difficult to determine the exact shot scale."
7347367797426736386.mp4_scene_43,shot_scale_vlm_1c_09_tuple,"(Uncertain, Motivation: The image appears to be a series of frames from a video, showing an object moving across a snowy landscape. It is difficult to determine the exact shot scale without more context or visual information.)"
7347367797426736386.mp4_scene_47,shot_scale_vlm_1c_09_tuple,"(Uncertain, 'Motivation') - The image appears to be a close-up shot due to the presence of text overlay and the limited visible area. However, without more context or additional frames, it's challenging to determine the exact shot scale."
7347367797426736386.mp4_scene_48,shot_scale_vlm_1b_09_tuple,"('Empty', 'Motivation: The frame shows an outdoor setting with no discernible subject or focus, only the environment and some objects like a pipe and a tent are visible.)"
7347367797426736386.mp4_scene_48,shot_scale_vlm_1c_09_tuple,"(Uncertain, 'Motivation') - The image appears to be a wide shot with the subject (a person) partially visible and the background dominating the frame. However, due to the limited information provided and the angle at which the subject is captured, it is difficult to determine the exact shot scale."
7345833350906563841.mp4_scene_5,shot_scale_vlm_1c_09_tuple,"('Medium full shot', 'The subject is framed from the knees up, with the soldiers' upper bodies and heads visible within the frame, indicating a medium full shot.)"
7343946884572105985.mp4_scene_1,shot_scale_vlm_1c_09_tuple,"('Medium close up', 'The subject is framed from the head up and takes up most of the frame, with the background showing part of a helicopter and some surrounding environment.)"
7343946884572105985.mp4_scene_5,shot_scale_vlm_1c_09_tuple,"('Medium close up', 'The subject takes up most of the frame from head to shoulders, with a clear focus on their face and upper body, indicating a medium close-up shot.)"
7341387991081864449.mp4_scene_1,shot_scale_vlm_1c_09_tuple,"('Medium full shot', 'The subject is framed from the knees up, with the soldiers and helicopter prominently visible in the frame, while the background includes the sunset and landscape.)"
7341387991081864449.mp4_scene_2,shot_scale_vlm_1c_09_tuple,"('Medium full shot', 'The subject (person) is framed from the knees up and takes up a significant portion of the frame, with the background including the helicopter and sunset.)"
7341387991081864449.mp4_scene_4,shot_scale_vlm_1c_09_tuple,"('Medium full shot', 'The subject (soldiers) is framed from the knees up, with the background including a helicopter and sunset.)"
7341387991081864449.mp4_scene_15,shot_scale_vlm_1c_09_tuple,"('Medium full shot', 'The subject is framed from the knees up and occupies a significant portion of the frame, with the background showing a group of people and some blue smoke.)"
7340346344940358913.mp4_scene_2,shot_scale_vlm_1b_09_tuple,"('uncertain', 'The image appears to be a close-up shot with multiple subjects, making it difficult to determine the exact scale without more context or clearer focus.)"
7340346344940358913.mp4_scene_2,shot_scale_vlm_1c_09_tuple,"(Uncertain, 'Motivation') - The image appears to be a close-up shot with a blurred background, making it difficult to determine the exact shot scale. However, given the limited information and the presence of multiple subjects in the frame, it is likely a medium shot or close-up."
7340346344940358913.mp4_scene_14,shot_scale_vlm_1a_09_tuple,"('Full shot', 'The subject (person pushing the stretcher) and the background are both clearly visible, with the person taking up most of the frame from head to toe, indicating a full shot rather than a medium shot or closer.)"
7340346344940358913.mp4_scene_19,shot_scale_vlm_1c_09_tuple,"(Uncertain, 'Motivation') - The provided image appears to be from a video with multiple subjects moving through an environment that has some backlighting. However, due to the motion blur and lack of clear focus on any single subject or object, it is difficult to accurately classify the shot scale."
7332905549010308354.mp4_scene_2,shot_scale_vlm_1c_09_tuple,"('Medium full shot', 'The subject is framed from the knees up and takes up most of the frame, with a group of soldiers walking on a dirt path in the foreground and a cloudy sky in the background.)"
7332905549010308354.mp4_scene_5,shot_scale_vlm_1b_09_tuple,"('Medium Shot', 'The subject is framed from the waist up and takes up most of the frame, with the background showing a group of people and trees, indicating that the shot focuses on the subjects while still including some context.)"
7332472351809899778.mp4_scene_8,shot_scale_vlm_1a_09_tuple,"('Uncertain', 'Motivation: The image appears to be taken from inside a vehicle, possibly a boat, with the sea and horizon visible. It is difficult to determine if there is a subject within the frame due to the limited view and lack of clear focus on any particular element.)"
7331799655585516802.mp4_scene_7,shot_scale_vlm_1c_09_tuple,"('Medium close up', 'The subject takes up most of the frame from head to shoulders, with a clear focus on the person's face and upper body, indicating a close-up shot.)"
7331799655585516802.mp4_scene_14,shot_scale_vlm_1b_09_tuple,"('Empty', 'Motivation: The image is completely black with no discernible subject or focus, only showing the text and background elements.)"
7331799655585516802.mp4_scene_21,shot_scale_vlm_1a_09_tuple,"('Uncertain', 'Motivation: The image appears to be a text-based graphic with no discernible subject or focus, making it difficult to classify as a shot scale based on the given definitions.)"
7331799655585516802.mp4_scene_21,shot_scale_vlm_1b_09_tuple,"('Empty', 'Motivation': The image is completely black with no discernible subject or focus, only text and logos are present.)"
7331799655585516802.mp4_scene_21,shot_scale_vlm_1c_09_tuple,"('Empty', 'The image is a text-based still with no discernible subject or focus, showing only the text and background colors. The text is centered on a black background, which is typical for TikTok videos to emphasize the message being conveyed. This classification is based on the absence of any visual elements that would fit into the other shot scale categories provided.)"
7331799655585516802.mp4_scene_31,shot_scale_vlm_1b_09_tuple,"('Empty', 'Motivation': The image is a text-based graphic with no discernible subject or focus, only showing the black background and white and red text.)"
7331799655585516802.mp4_scene_31,shot_scale_vlm_1c_09_tuple,"(Uncertain, 'Motivation') - The image appears to be a text-based still with no discernible subject or focus, making it difficult to classify as a specific shot scale. However, given the context and typical use of such images in video content, it could potentially be classified as an ""Empty"" shot if the intention is to highlight the text prominently without any visual distractions."
7331799655585516802.mp4_scene_42,shot_scale_vlm_1c_09_tuple,"(Uncertain, 'Motivation') - The image appears to be completely black with no discernible subject or focus, making it difficult to classify as any specific shot scale."
7332849312847727874.mp4_scene_1,shot_scale_vlm_1c_09_tuple,"('Medium close up', 'The subject occupies most of the frame from head to shoulders, with the background showing a person in military gear and a damaged building, indicating a medium close-up shot.)"
7332849312847727874.mp4_scene_3,shot_scale_vlm_1c_09_tuple,"('Medium close up', 'The subject takes up most of the frame from head to shoulders, with a clear focus on their face and upper body, indicating a close-up shot.)"
7332849312847727874.mp4_scene_9,shot_scale_vlm_1b_09_tuple,"('uncertain', 'The image appears to be dark and unclear, making it difficult to determine the scale of the shot with certainty. The text overlay also obscures a significant portion of the frame, which could affect the visibility of any potential subjects.)"
7332849312847727874.mp4_scene_9,shot_scale_vlm_1c_09_tuple,"(Uncertain, 'Motivation') - The image appears to be a close-up shot due to the limited visible area and the presence of text overlay. However, without more context or a clearer view of the subject's surroundings, it is difficult to accurately classify the shot scale."
7332849312847727874.mp4_scene_11,shot_scale_vlm_1c_09_tuple,"('Medium close up', 'The subject is framed from the head up and takes up most of the frame, with a focus on a mattress against a wall, indicating a close-up shot.)"
7329957191299943681.mp4_scene_1,shot_scale_vlm_1c_09_tuple,"('Medium close up', 'The subject is framed from the head up and takes up most of the frame, with the background showing a vehicle and text overlay.)"
7329957191299943681.mp4_scene_2,shot_scale_vlm_1c_09_tuple,"('Medium close up', 'The subject is framed from the head up and takes up most of the frame, with a clear focus on the person holding a gun and standing in front of a tent and flag background.)"
7329957191299943681.mp4_scene_5,shot_scale_vlm_1c_09_tuple,"('Medium close up', 'The subject is framed from the head up to the shoulders and takes up most of the frame, with a clear focus on the person holding a gun and standing in front of a tent-like structure.)"
7329195147223125249.mp4_scene_2,shot_scale_vlm_1b_09_tuple,"('Empty', 'Motivation: The image is completely black with no discernible subject or focus, only showing the text and logo at the bottom.)"
7326891550598761729.mp4_scene_4,shot_scale_vlm_1c_04_tuple,"('Medium close up', 'The subject is framed from the chest up and takes up most of the frame, focusing on a handwritten note with a drawing.)"
7326891550598761729.mp4_scene_4,shot_scale_vlm_1c_09_tuple,"('Medium close up', 'The subject (a piece of paper with writing and drawings) takes up most of the frame from head to shoulders, with minimal background visible.)"
7326891550598761729.mp4_scene_9,shot_scale_vlm_1c_09_tuple,"(Uncertain, 'Motivation') - The image appears to be an empty frame with no discernible subject or focus. However, the text overlay suggests that there might be a subject or context missing from the visual content."
7326891550598761729.mp4_scene_14,shot_scale_vlm_1c_09_tuple,"(Uncertain, 'Motivation') - The image appears to be very dark and lacks any discernible subject or focus, making it difficult to classify with certainty."
7326891550598761729.mp4_scene_15,shot_scale_vlm_1c_09_tuple,"(Uncertain, 'Motivation') - The image appears to be very dark and blurry, making it difficult to determine the exact shot scale. There are no discernible subjects or clear visual elements that can confidently classify the shot as one of the defined scales."
7326891550598761729.mp4_scene_20,shot_scale_vlm_1c_09_tuple,"(Uncertain, 'Motivation') - The image appears to be a wide shot with the subject partially visible and the background dominating the frame. However, due to the lack of clear visual elements and the possibility of movement or focus changes, it is difficult to confidently classify this shot scale."
7326891550598761729.mp4_scene_25,shot_scale_vlm_1c_09_tuple,"('Close up', 'The image focuses on a person's face and upper body, with no background details visible, making it a close-up shot.)"
7326891550598761729.mp4_scene_27,shot_scale_vlm_1c_09_tuple,"(Uncertain, 'Motivation') - The image appears to be completely black with no discernible subject or focus, making it difficult to classify as any specific shot scale."
7326535798906457346.mp4_scene_2,shot_scale_vlm_1c_09_tuple,"(Uncertain, Motivation: The image appears to be an empty frame with no discernible subject or focus, showing only the setting or environment.)"
7326535798906457346.mp4_scene_5,shot_scale_vlm_1c_09_tuple,"(Uncertain, Motivation: The image appears to be a title screen with text overlaying a solid color background. There are no discernible subjects or focal points within the frame, making it difficult to classify the shot scale.)"
7326535798906457346.mp4_scene_8,shot_scale_vlm_1b_09_tuple,"('Empty', 'Motivation: The image is completely devoid of any discernible subject or focus, only showing the text and background elements without any human presence or objects that could be classified into one of the shot scales provided.)"
7326535798906457346.mp4_scene_12,shot_scale_vlm_1b_09_tuple,"('Empty', 'Motivation: The image is completely devoid of any discernible subject or focus, only showing a grayish background with some text overlay.)"
7326535798906457346.mp4_scene_21,shot_scale_vlm_1a_09_tuple,"('Empty', 'Motivation: The frame is completely filled with text and logos, with no visible subject or environment.)"
7326535798906457346.mp4_scene_21,shot_scale_vlm_1b_09_tuple,"('Empty', 'Motivation: The image is completely empty with no discernible subject or focus, only showing the setting and environment. There are no people, objects, or any other elements present within the frame.)"
7326535798906457346.mp4_scene_21,shot_scale_vlm_1c_09_tuple,"(Uncertain, 'Motivation') - The image appears to be an empty frame with no discernible subject or focus. However, without additional context or visual elements, it's difficult to determine if there is any background detail or setting present."
7326535798906457346.mp4_scene_25,shot_scale_vlm_1b_09_tuple,"('Empty', 'Motivation: The frame contains no discernible subject or focus, only text and logos are present against a solid background.)"
7326211728008629505.mp4_scene_2,shot_scale_vlm_1c_09_tuple,"(Uncertain, Motivation: The image appears to be a wide shot with the night sky and cityscape visible, but it's difficult to determine if there is a clear subject due to the lack of focus on any particular element.)"
7326211728008629505.mp4_scene_4,shot_scale_vlm_1c_09_tuple,"('Medium full shot', 'The subject is framed from the knees up and takes up most of the frame, with the background showing a burning house and smoke.)"
7326211728008629505.mp4_scene_9,shot_scale_vlm_1b_09_tuple,"('MCU', 'The subject (person) is framed from the head up to the shoulders and takes up most of the frame, with the background showing a vehicle and street setting.)"
7326211728008629505.mp4_scene_16,shot_scale_vlm_1c_09_tuple,"(Uncertain, 'Motivation') - The image appears to be a medium shot as it shows a person from the waist up and includes some background details like the car and the road. However, the presence of text overlaying the image makes it difficult to determine the exact scale with certainty."
7326211728008629505.mp4_scene_20,shot_scale_vlm_1c_09_tuple,"('Medium close up', 'The subject (the loudspeakers) takes up most of the frame and is framed from the head up to the shoulders, with the background being a clear blue sky.)"
7324370718894951682.mp4_scene_5,shot_scale_vlm_1c_09_tuple,"('Medium full shot', 'The subject is framed from the knees up and takes up most of the frame, with a clear focus on the soldiers running in the foreground against the sunset backdrop.)"
7324370718894951682.mp4_scene_6,shot_scale_vlm_1c_09_tuple,"('Medium full shot', 'The subject is framed from the knees up and takes up most of the frame, with a clear view of the soldiers' actions and the surrounding environment.)"
7324370718894951682.mp4_scene_9,shot_scale_vlm_1b_09_tuple,"('Empty', 'Motivation: The frame is completely black with no visible subject or environment, making it an empty shot.)"
7324370718894951682.mp4_scene_9,shot_scale_vlm_1c_09_tuple,"(Uncertain, 'Motivation') - The image appears to be completely black with no discernible subject or focus, making it difficult to classify as any specific shot scale."
7317601260947918082.mp4_scene_5,shot_scale_vlm_1c_09_tuple,"(Uncertain, 'Motivation') - The image appears to be an empty frame with no discernible subject or focus, showing only a blue background. However, without additional context or visual elements, it's difficult to classify the shot scale accurately."
7317601260947918082.mp4_scene_10,shot_scale_vlm_1a_09_tuple,"('Empty', 'Motivation: The frame contains no discernible subject or focus, only the number ""1"" and some text on a blue background.)"
7317601260947918082.mp4_scene_10,shot_scale_vlm_1b_09_tuple,"('Empty', 'Motivation: The frame contains no discernible subject or focus, only the number ""1"" and some text on a blue background.)"
7317601260947918082.mp4_scene_12,shot_scale_vlm_1b_09_tuple,"('Empty', 'Motivation: The frame shows text and a white background with no discernible subject or focus, indicating that it is an empty shot.)"
7317601260947918082.mp4_scene_12,shot_scale_vlm_1c_09_tuple,"(Uncertain, 'Motivation') - The image appears to be a text-based graphic with no discernible subject or focus. It is not clear if there is any background or environment present in the image. Therefore, it is classified as 'Uncertain'."
7317601260947918082.mp4_scene_15,shot_scale_vlm_1c_09_tuple,"('Medium full shot', 'The subject is framed from the knees up and occupies most of the frame, with a clear focus on the silhouette of a soldier against a crowd background.)"
7317601260947918082.mp4_scene_16,shot_scale_vlm_1c_09_tuple,"(Uncertain, 'Motivation') - The image appears to be a digital illustration with silhouettes and text overlay, making it difficult to determine the shot scale definitively. However, the presence of silhouettes and text suggests that the focus is on the overall composition rather than a specific subject or detail."
7317601260947918082.mp4_scene_17,shot_scale_vlm_1a_09_tuple,"('Uncertain', 'Motivation: The image contains silhouettes and text overlay, making it difficult to determine the exact scale without more context or a clearer view of the subjects within the frame.)"
7317601260947918082.mp4_scene_17,shot_scale_vlm_1c_09_tuple,"('Medium close up', 'The subject (a silhouette of a soldier) takes up most of the frame from head to shoulders, with the background consisting of silhouettes of people and text overlays.)"
7317601260947918082.mp4_scene_18,shot_scale_vlm_1a_09_tuple,"('Empty', 'Motivation: The image does not have any discernible subject or focus, only showing the number ""3"" and some text on a blue background.)"
7317601260947918082.mp4_scene_18,shot_scale_vlm_1b_09_tuple,"('Empty', 'Motivation: The frame contains no discernible subject or focus, only the number ""3"" and some text on a blue background.)"
7317601260947918082.mp4_scene_18,shot_scale_vlm_1c_09_tuple,"(Uncertain, 'Motivation') - The image appears to be an empty frame with no discernible subject or focus. However, there are some visual elements that could suggest a medium close up or close up shot, such as the text and the number ""3"" which might be part of the subject matter. Without more context or additional frames, it is difficult to determine the exact shot scale."
7317601260947918082.mp4_scene_25,shot_scale_vlm_1c_09_tuple,"(Uncertain, 'Motivation') - The image appears to be completely black with no discernible subject or focus, making it difficult to classify as any specific shot scale."
7317201174090779905.mp4_scene_3,shot_scale_vlm_1c_09_tuple,"('Medium full shot', 'The image shows a door and some graffiti on a wall, with the subject being the door itself. The background includes the surrounding area, but it is not as prominent as in a wide shot or full shot.)"
7317201174090779905.mp4_scene_6,shot_scale_vlm_1c_09_tuple,"('Medium full shot', 'The subject is framed from the knees up and occupies most of the frame, with the background showing a cluttered room but not dominating the subject.)"
7317201174090779905.mp4_scene_8,shot_scale_vlm_1b_09_tuple,"('Empty', 'Motivation: The image focuses on a broken window with shards of glass and text overlay, but there is no discernible subject or focus within the frame.)"
7315022331728989442.mp4_scene_3,shot_scale_vlm_1c_09_tuple,"('Medium full shot', 'The subject is framed from the knees up and occupies most of the frame, with a clear focus on the individual soldier amidst the group.)"
7315022331728989442.mp4_scene_13,shot_scale_vlm_1a_04_tuple,"('Wide shot', 'The frame shows an entire damaged building with furniture and debris scattered around it, indicating that the subject (the building) is fully visible within its environment but not dominating the frame as a close-up would.)"
7314608725224967425.mp4_scene_2,shot_scale_vlm_1c_09_tuple,"(Uncertain, 'Motivation') - The image appears to be taken from an aerial perspective, showing a large vehicle and some soldiers on the ground. However, due to the angle and lack of clear focus on any specific subject or detail, it is difficult to accurately classify the shot scale."
7314608725224967425.mp4_scene_4,shot_scale_vlm_1c_09_tuple,"(Uncertain, 'Motivation') - The image appears to be taken from a video with a focus on a tunnel-like structure, but it is unclear if there is a discernible subject in the frame. The background and environment are visible, which could suggest an empty shot or a wide shot. However, without more context or a clear subject, it is difficult to accurately classify the shot scale."
7314608725224967425.mp4_scene_5,shot_scale_vlm_1a_09_tuple,"('Uncertain', 'The image appears to be focused on a mechanical component, possibly part of an air conditioning system, but it's difficult to determine the scale without more context or visible subjects.)"
7314608725224967425.mp4_scene_5,shot_scale_vlm_1c_09_tuple,"(Uncertain, 'Motivation') - The image appears to be focused on a mechanical component, possibly part of an air conditioning system. However, due to the low resolution and lack of clear visual elements, it is difficult to determine the exact shot scale with certainty."
7314608725224967425.mp4_scene_15,shot_scale_vlm_1c_09_tuple,"(Uncertain, Motivation: The image shows multiple subjects in an indoor setting with some text overlay. However, it is unclear if there is a single subject or focus point within the frame due to the overlapping figures and lack of clear separation between them.)"
7314608725224967425.mp4_scene_16,shot_scale_vlm_1c_09_tuple,"(Uncertain, Motivation: The image appears to be a wide shot as it shows a bench and part of a building in the background. However, there is no clear subject or focus, making it difficult to classify with certainty.)"
7314608725224967425.mp4_scene_17,shot_scale_vlm_1c_09_tuple,"(Uncertain, 'Motivation') - The image appears to be an abstract or blurred background with no discernible subject or focus. It does not fit into any of the defined shot scales due to its lack of clarity and identifiable elements."
7314608725224967425.mp4_scene_20,shot_scale_vlm_1c_09_tuple,"(Uncertain, 'Motivation') - The image appears to be taken from inside a tunnel or underground structure with some objects and debris visible on the ground. However, it's difficult to determine the exact shot scale without more context or visual information about the subject matter."
7314608725224967425.mp4_scene_21,shot_scale_vlm_1b_09_tuple,"('Empty', 'Motivation: The image shows an aerial view of a cityscape with buildings and streets, but there are no discernible subjects or focal points within the frame.)"
7314608725224967425.mp4_scene_21,shot_scale_vlm_1c_09_tuple,"(Uncertain, 'Motivation') - The image appears to be an aerial view of a cityscape with buildings and streets visible. However, it is difficult to determine the exact shot scale as there are no clear subjects or focal points in the frame."
7313921434873629953.mp4_scene_1,shot_scale_vlm_1c_09_tuple,"('Medium close up', 'The subject is framed from the head up and takes up most of the frame, with a clear focus on the person's face and upper body.)"
7312113109848575234.mp4_scene_3,shot_scale_vlm_1c_09_tuple,"('Medium close up', 'The subject is framed from the head up and takes up most of the frame, with a focus on a text document against a wooden background.)"
7312113109848575234.mp4_scene_4,shot_scale_vlm_1c_09_tuple,"('Medium close up', 'The image focuses on a text document held by a person, with the person's face not visible and only their hands and part of their body in view, making it a medium close-up shot.)"
7312113109848575234.mp4_scene_5,shot_scale_vlm_1c_09_tuple,"(Uncertain, 'Motivation') - The image appears to be a close-up of a text on a blue background with some wooden texture visible at the top and bottom edges. However, without more context or visual information about the subject matter, it is difficult to determine the shot scale accurately."
7312113109848575234.mp4_scene_6,shot_scale_vlm_1a_09_tuple,"('Uncertain', 'The image appears to be focused on text and symbols rather than a single subject or background, making it difficult to classify as a shot scale without more context or visual information about the frame's composition.)"
7312113109848575234.mp4_scene_6,shot_scale_vlm_1b_09_tuple,"('CU', 'The shot focuses on a close-up view of a sticker with text and an Israeli flag, making it difficult to determine the scale without more context or additional shots.)"
7312113109848575234.mp4_scene_6,shot_scale_vlm_1c_09_tuple,"('Medium close up', 'The subject is framed from the head up and takes up most of the frame, with a focus on text and symbols related to the Israeli flag and military.)"
7312113109848575234.mp4_scene_8,shot_scale_vlm_1c_09_tuple,"('Medium close up', 'The frame focuses on a book with text that reads ""Human life"", which takes up most of the space and is the main subject of the shot.)"
7312113109848575234.mp4_scene_9,shot_scale_vlm_1c_09_tuple,"(Uncertain, 'Motivation') - The image appears to be an empty frame with no discernible subject or focus, showing only the setting or environment. However, the presence of text and a partial view of a piece of paper suggests that there might be a subject in the background or on the paper itself. Without more context, it is difficult to determine the exact shot scale."
7312113109848575234.mp4_scene_10,shot_scale_vlm_1b_04_tuple,"('WS', 'The frame shows an open book with text ""Purity of Arms"" on it, but no discernible subject or focus beyond the book itself, indicating a wide shot where the background (the wooden surface) is more prominent than the subject.)"
7312113109848575234.mp4_scene_10,shot_scale_vlm_1c_09_tuple,"('Medium close up', 'The image focuses on a book with text, occupying most of the frame from head to shoulders, making it a medium close-up shot.)"
7312113109848575234.mp4_scene_11,shot_scale_vlm_1c_09_tuple,"(Uncertain, Motivation) - The image appears to be an empty frame with no discernible subject or focus. However, there are some lines on a piece of paper that could potentially be the subject of the shot. Without more context or visual elements, it is difficult to classify this shot scale accurately."
7314381277094743298.mp4_scene_15,shot_scale_vlm_1c_09_tuple,"('Medium close up', 'The image focuses on a poster with a man's face and text, taking up most of the frame from head to shoulders, making it a medium close-up shot.)"
7314381277094743298.mp4_scene_22,shot_scale_vlm_1c_09_tuple,"('Medium close up', 'The image shows two faces from the chest up, with no background details visible, indicating a close-up shot.)"
7309917666364493057.mp4_scene_1,shot_scale_vlm_1a_09_tuple,"('Empty', 'Motivation: The frame is completely black with no visible subject or focus, only showing the setting or environment. There are no discernible objects or characters present within the shot.)"
7309917666364493057.mp4_scene_1,shot_scale_vlm_1b_09_tuple,"('Empty', 'Motivation: The frame is completely black with no visible subject or focus, only showing the setting or environment without any background details.)"
7309917666364493057.mp4_scene_1,shot_scale_vlm_1c_09_tuple,"(Uncertain, Motivation: The image appears to be an empty frame with no discernible subject or focus, showing only a black background and text. However, without additional context or visual elements, it's difficult to classify the shot scale accurately.)"
7309917666364493057.mp4_scene_4,shot_scale_vlm_1a_09_tuple,"('Uncertain', 'The image appears to be a still from a film or documentary, which makes it difficult to determine the shot scale without more context about the framing and composition of the shot within the video.)"
7309917666364493057.mp4_scene_5,shot_scale_vlm_1b_09_tuple,"('Empty', 'Motivation: The image shows an Olympic logo with no discernible subject or focus, indicating that it is meant to represent the setting or environment rather than a specific event or person within the frame.)"
7309917666364493057.mp4_scene_6,shot_scale_vlm_1c_09_tuple,"(Uncertain, Motivation: The image appears to be a collage of several photos, making it difficult to determine a single shot scale that encompasses all subjects within the frame.)"
7309917666364493057.mp4_scene_7,shot_scale_vlm_1c_09_tuple,"('Medium full shot', 'The image shows multiple portraits of individuals from head to toe, with each portrait occupying a significant portion of the frame. This suggests that the shot scale is focused on capturing the subjects in detail while also including some context from the surrounding environment.)"
7309917666364493057.mp4_scene_9,shot_scale_vlm_1b_09_tuple,"('Empty', 'Motivation: The image appears to be an overlay with text and logos, lacking any discernible subject or focus within the frame.)"
7309917666364493057.mp4_scene_9,shot_scale_vlm_1c_09_tuple,"(Uncertain, Motivation: The image appears to be a close-up shot with text overlay, but it's difficult to determine the exact scale due to the blurred background and lack of clear subject focus.)"
7309917666364493057.mp4_scene_12,shot_scale_vlm_1c_09_tuple,"(Uncertain, Motivation: The image appears to be a wide shot as it shows a building with text on it and some background details, but the subject is not clearly visible due to the angle and resolution.)"
7309917666364493057.mp4_scene_13,shot_scale_vlm_1c_09_tuple,"(Uncertain, Motivation: The image appears to be an aerial view of a building with some text overlaying it. It is difficult to determine the exact shot scale without more context or visual information about the subject within the frame.)"
7309917666364493057.mp4_scene_25,shot_scale_vlm_1c_09_tuple,"(Uncertain, 'Motivation') - The image appears to be completely black with no discernible subject or focus, making it difficult to classify as a specific shot scale."
7307624697146068225.mp4_scene_3,shot_scale_vlm_1c_09_tuple,"(Medium full shot, 'The subjects are fully visible from the knees up and the background includes a vehicle and part of the sky.')
(Medium full shot, Subjects are framed from the knees up with the vehicle in the background, indicating a medium full shot.)"
7307624697146068225.mp4_scene_11,shot_scale_vlm_1a_09_tuple,"('Empty', 'Motivation: The image appears to be an empty frame with no discernible subject or focus, showing only the setting or environment, which is a map with text overlay.)"
7307624697146068225.mp4_scene_11,shot_scale_vlm_1b_09_tuple,"('Empty', 'Motivation: The image appears to be an empty frame with no discernible subject or focus, showing only the setting or environment, which is a map with text overlay.)"
7307624697146068225.mp4_scene_11,shot_scale_vlm_1c_09_tuple,"(Uncertain, 'Motivation') - The image appears to be an empty frame with no discernible subject or focus. However, there are some text and a logo present, which could suggest that it might be a title screen or an introductory shot. Without more context or visual elements, it is difficult to classify the shot scale accurately."
7307624697146068225.mp4_scene_20,shot_scale_vlm_1c_09_tuple,"(Uncertain, 'Motivation') - The provided image does not contain any discernible subject or focus and shows only a dark, blurred background with some text overlay. It is difficult to determine the shot scale without more visual information."
7307624697146068225.mp4_scene_52,shot_scale_vlm_1c_09_tuple,"(Uncertain, 'Motivation') - The image appears to be an infographic with text and maps, which makes it difficult to classify as a traditional shot scale. It does not fit into the categories provided for shot scales."
7306872398215777537.mp4_scene_15,shot_scale_vlm_1b_04_tuple,"('WS', ""The shot captures multiple people walking through an indoor space with a focus on their movement and environment rather than any single subject."""
7306872398215777537.mp4_scene_15,shot_scale_vlm_1c_09_tuple,"(Uncertain, 'Motivation') - The image appears to be taken from a surveillance camera and shows multiple subjects in motion within an indoor setting. However, due to the angle and partial obstruction of subjects, it is difficult to determine the exact shot scale with certainty."
7306872398215777537.mp4_scene_16,shot_scale_vlm_1c_09_tuple,"(Uncertain, 'Motivation') - The image appears to be taken from a video with text overlays and logos, which makes it difficult to determine the exact shot scale without more context. However, based on the visible elements, it seems to be a medium shot or close-up as the subject is framed from the head up to the shoulders and takes up most of the frame."
7306872398215777537.mp4_scene_18,shot_scale_vlm_1c_09_tuple,"('Medium full shot', 'The subject is framed from the knees up and occupies most of the frame, with the background showing a group of people and trees.)"
7306872398215777537.mp4_scene_20,shot_scale_vlm_1b_09_tuple,"('Empty', 'Motivation: The frame shows an outdoor setting with vehicles and buildings, but no discernible subject or focal point within the frame.)"
7306872398215777537.mp4_scene_21,shot_scale_vlm_1b_09_tuple,"('Medium Shot', 'The subject (the truck) is framed from the waist up and occupies most of the frame, with the background showing part of another truck and a flag.)"
7304841271166766337.mp4_scene_4,shot_scale_vlm_1c_09_tuple,"(Uncertain, 'Motivation') - The image appears to be very blurry and lacks clear visual elements that would allow for a confident classification into one of the specified shot scales. The red hue and blurred nature make it difficult to discern any specific subject or focus within the frame."
7304841271166766337.mp4_scene_7,shot_scale_vlm_1c_09_tuple,"(Uncertain, 'Motivation') - The image appears to be a close-up shot with a focus on the ground and debris, but it's difficult to determine the exact shot scale without more context or visual information about the subject."
7304841271166766337.mp4_scene_10,shot_scale_vlm_1b_09_tuple,"('uncertain', 'The image appears to be a close-up shot with text overlay, but it's difficult to determine the scale without more context or visual information about the subject matter.)"
7304841271166766337.mp4_scene_10,shot_scale_vlm_1c_09_tuple,"(Uncertain, 'Motivation') - The image appears to be a close-up shot with a focus on text overlaying a dark background. However, without more context or visual elements, it's difficult to determine the exact shot scale."
7304841271166766337.mp4_scene_14,shot_scale_vlm_1b_09_tuple,"('CU', 'The shot focuses on a close-up view of a person's legs and feet as they walk through a tunnel, with the background showing more of the environment but not the full subject.)"
7304579698502192386.mp4_scene_2,shot_scale_vlm_1c_09_tuple,"(Uncertain, 'Motivation') - The image appears to be a map with various countries and locations labeled, but it does not contain any discernible subject or focus within the frame. Therefore, it is difficult to classify the shot scale as there is no clear subject to determine its position in relation to the frame's boundaries."
7304579698502192386.mp4_scene_4,shot_scale_vlm_1c_09_tuple,"(Uncertain, Motivation: The image appears to be an aerial view of clouds with text overlaying it, making it difficult to determine a clear subject or focus within the frame.)"
7304579698502192386.mp4_scene_11,shot_scale_vlm_1c_09_tuple,"(Uncertain, 'Motivation') - The image appears to be a wide shot with the landscape and sky dominating the frame. However, without more context or a clearer view of the subject(s), it's difficult to determine if they are visible in the shot."
7304579698502192386.mp4_scene_13,shot_scale_vlm_1c_09_tuple,"(Uncertain, 'Motivation') - The image appears to be a wide shot with people silhouetted against a sunset sky, but it's difficult to determine the exact shot scale due to the lack of clear visual elements and the potential for movement or focus changes."
7304579698502192386.mp4_scene_14,shot_scale_vlm_1c_09_tuple,"(Uncertain, Motivation: The image shows a cityscape with buildings and smoke in the background, but it's unclear if there is a specific subject or focus within the frame.)"
7304579698502192386.mp4_scene_15,shot_scale_vlm_1c_09_tuple,"(Uncertain, 'Motivation') - The image appears to be a medium shot as it shows a building and some trees with text overlay. However, the focus on the text makes it difficult to determine the exact shot scale."
7304579698502192386.mp4_scene_16,shot_scale_vlm_1c_09_tuple,"(Uncertain, Motivation: The image shows a wide view of a burning building with smoke rising into the sky and text overlaid on the screen. However, it is unclear if there is a specific subject in focus or if the frame is dominated by the environment.)"
7304579698502192386.mp4_scene_18,shot_scale_vlm_1c_09_tuple,"(Uncertain, 'Motivation') - The provided image appears to be a screenshot from a video, but it does not show any discernible subject or focus within the frame. It displays a map with location names and some text, which suggests that the content is more about the setting rather than a specific shot scale."
7304579698502192386.mp4_scene_21,shot_scale_vlm_1c_09_tuple,"(Uncertain, Motivation: The image shows a scene with debris and ruins, but it is difficult to determine the exact shot scale due to the lack of clear subjects or focal points within the frame.)"
7304579698502192386.mp4_scene_23,shot_scale_vlm_1c_09_tuple,"(Uncertain, 'Motivation') - The image appears to be an empty frame with no discernible subject or focus. However, there are some faint lines and shapes that could potentially be interpreted as part of a design element or background detail. Without more context or visual information, it is difficult to confidently classify the shot scale."
7304579698502192386.mp4_scene_24,shot_scale_vlm_1c_09_tuple,"('Medium close up', 'The subject is framed from the head up and takes up most of the frame, with a focus on the text overlay and the night sky with lights.)"
7304352246119025922.mp4_scene_4,shot_scale_vlm_1c_09_tuple,"(Uncertain, 'Motivation') - The image appears to be an empty frame with no discernible subject or focus, showing only the setting or environment. However, the presence of a bench in the background and the tiled floor suggests that there might be a subject or focal point outside the frame."
7304459465414298882.mp4_scene_2,shot_scale_vlm_1b_09_tuple,"('Empty', 'Motivation: The frame shows an aerial view of a building with text overlays and no discernible subject or focus within the visible area.)"
7304459465414298882.mp4_scene_2,shot_scale_vlm_1c_09_tuple,"(Uncertain, Motivation: The image appears to be an aerial view of a building with text overlays, making it difficult to determine the specific shot scale without more context or visual cues.)"
7304459465414298882.mp4_scene_4,shot_scale_vlm_1c_09_tuple,"(Uncertain, 'Motivation') - The image appears to be very blurry and lacks clear visual elements that would allow for a confident classification. There are no discernible subjects or focus points, making it difficult to determine the shot scale with certainty."
7304459465414298882.mp4_scene_6,shot_scale_vlm_1c_09_tuple,"(Uncertain, Motivation: The image appears to be a medium shot as it shows a person from the waist up and includes some background details, but the focus on the subject is not clear due to the low lighting and blurred features.)"
7303238806273068290.mp4_scene_5,shot_scale_vlm_1c_09_tuple,"(Uncertain, 'Motivation') - The image appears to be taken at night with low lighting conditions, making it difficult to discern specific details about the subject or their surroundings. The frame is mostly dark, and there are no clear subjects visible. Therefore, it is challenging to classify this shot scale definitively."
7303238806273068290.mp4_scene_6,shot_scale_vlm_1c_09_tuple,"(Uncertain, Motivation: The image appears to be a wide shot with the building and text taking up most of the frame, but it's difficult to determine if there is a subject in focus due to the lack of visible human figures or objects.)"
7303238806273068290.mp4_scene_7,shot_scale_vlm_1c_09_tuple,"(Uncertain, Motivation: The image appears to be a close-up shot due to the limited visible area and focus on specific objects within the frame. However, without more context or additional visual information, it's challenging to accurately classify the shot scale.)"
7303238806273068290.mp4_scene_9,shot_scale_vlm_1c_09_tuple,"(Uncertain, 'Motivation') - The image appears to be a close-up shot, but it's difficult to determine the exact shot scale without more context or additional frames for comparison."
7303142438921702658.mp4_scene_2,shot_scale_vlm_1c_09_tuple,"('Medium close up', 'The subject occupies most of the frame from head to shoulders, with the background showing a sports field and stadium seating, indicating a medium close-up shot.)"
7302839195809189121.mp4_scene_6,shot_scale_vlm_1c_09_tuple,"(Uncertain, 'Motivation') - The image appears to be completely black with no discernible subject or focus, making it difficult to classify as any specific shot scale."
7301501906440981761.mp4_scene_13,shot_scale_vlm_1b_09_tuple,"('Empty', 'The shot focuses on an empty hole in the ground with no discernible subject or focus within it, only showing the surrounding environment and objects like pipes.)"
7301501906440981761.mp4_scene_14,shot_scale_vlm_1a_09_tuple,"('Wide shot', 'The frame shows an interior space with walls and a window, but no discernible subject or focal point within the frame; the background is more prominent than any potential subject.')
('Medium full shot', 'The frame captures a person from the knees up, with the focus on their body and the surrounding environment.')
('Uncertain', 'The image appears to be taken in an indoor setting, but it's difficult to determine if there is a clear subject or focal point due to the lack of context provided by the image itself.')"
7301501906440981761.mp4_scene_14,shot_scale_vlm_1c_09_tuple,"(Uncertain, 'Motivation') - The image appears to be a wide shot with the background dominating the scene, but it's difficult to determine the exact shot scale due to the lack of clear visual elements and the presence of text overlay."
7301501906440981761.mp4_scene_16,shot_scale_vlm_1c_09_tuple,"(Uncertain, 'Motivation') - The provided image appears to be an aerial view with no discernible subject or focus, showing only the setting or environment. However, without more context or a clearer view of the content within the frame, it is difficult to accurately classify the shot scale."
7300966749761998082.mp4_scene_2,shot_scale_vlm_1c_09_tuple,"('Medium full shot', 'The subject (tank) occupies most of the frame from the knees up, with the background showing a portion of the tank and some surrounding environment.)"
7300966749761998082.mp4_scene_3,shot_scale_vlm_1c_09_tuple,"(Uncertain, 'Motivation') - The image appears to be an aerial view of a location with some text overlay, but it is not clear enough to determine the shot scale definitively."
7300966749761998082.mp4_scene_4,shot_scale_vlm_1c_09_tuple,"(Uncertain, 'Motivation') - The image appears to be an aerial view with a blurred background and foreground details that are not clear enough to confidently classify it into one of the specified shot scales."
7300966749761998082.mp4_scene_6,shot_scale_vlm_1b_09_tuple,"('Empty', 'Motivation: The image appears to be an empty frame with no discernible subject or focus, showing only text and background elements.)"
7300966749761998082.mp4_scene_6,shot_scale_vlm_1c_09_tuple,"(Uncertain, 'Motivation') - The image appears to be a text overlay on a blurred background, making it difficult to determine the shot scale with certainty. However, if we assume that the text is the main subject and the blurred background is the environment, then it could be classified as a Close up or Medium close up."
7300966749761998082.mp4_scene_8,shot_scale_vlm_1c_09_tuple,"(Uncertain, 'Motivation') - The provided image appears to be a screenshot from a video, which makes it difficult to determine the shot scale accurately. However, based on the visible elements, there seems to be no discernible subject or focus in the frame, and the background is not prominent. Therefore, the classification remains uncertain."
7300966749761998082.mp4_scene_12,shot_scale_vlm_1c_09_tuple,"(Uncertain, 'Motivation') - The image appears to be taken in a dimly lit corridor with a person partially visible at the end. However, due to low visibility and partial obstruction, it's challenging to determine the exact shot scale confidently."
7300966749761998082.mp4_scene_17,shot_scale_vlm_1c_09_tuple,"(Uncertain, 'Motivation') - The image appears to be completely black with no discernible subject or focus, making it difficult to classify as a specific shot scale."
7300023022516178177.mp4_scene_2,shot_scale_vlm_1c_09_tuple,"(Uncertain, 'Motivation') - The image appears to be an empty frame with no discernible subject or focus, showing only the text and logo. However, without additional context or visual elements, it's difficult to determine if there is any background or setting present."
7299238025198898434.mp4_scene_11,shot_scale_vlm_1b_04_tuple,"('WS', ""The shot captures a large group of people from head to toe, with the background environment (city streets and buildings) being prominent but not the main focus."""
7299238025198898434.mp4_scene_15,shot_scale_vlm_1c_09_tuple,"(Uncertain, 'Motivation') - The image appears to be a close-up shot with a blurred background, but it's difficult to determine the exact shot scale without more context or visual information."
7299238025198898434.mp4_scene_20,shot_scale_vlm_1a_09_tuple,"('Close up', 'The shot focuses on the subject's hands and the gun, with minimal background details visible, making it difficult to determine the scale beyond a close-up.)"
7299238025198898434.mp4_scene_24,shot_scale_vlm_1c_09_tuple,"(Uncertain, 'Motivation') - The image appears to be a close-up shot with a blurred background, making it difficult to determine the exact shot scale. However, given the limited information and the lack of clear visual elements, it is best to classify this as 'Uncertain'."
7299238025198898434.mp4_scene_25,shot_scale_vlm_1b_09_tuple,"('Empty', 'Motivation: The image shows a cloudy sky with no discernible subject or focus, only the setting and environment are visible.)"
7299238025198898434.mp4_scene_25,shot_scale_vlm_1c_09_tuple,"(Uncertain, 'Motivation') - The image appears to be an empty shot with no discernible subject or focus, showing only the sky and clouds. However, there are some text elements present in the image which could potentially be considered as part of the ""subject"" if interpreted as a message or caption. Therefore, it is difficult to definitively classify this shot scale without more context or visual information."
7299238025198898434.mp4_scene_36,shot_scale_vlm_1c_09_tuple,"(Uncertain, 'Motivation') - The image appears to be a close-up shot with a blurred background, making it difficult to determine the exact shot scale. However, given the limited information and the presence of text overlay, it could potentially be classified as a Close up or Medium close up."
7298132249428364545.mp4_scene_3,shot_scale_vlm_1c_09_tuple,"('Medium close up', 'The subject occupies most of the frame from head to shoulders, with the background consisting of a podium and a microphone, indicating a medium close-up shot.)"
7297447656551451905.mp4_scene_1,shot_scale_vlm_1c_09_tuple,"('Medium full shot', 'The image shows two individuals from the waist up, with the background consisting of a news studio setting and a CNN logo, indicating that the shot is framed to capture both subjects in detail while also including some context about their environment. This classification is based on the visual elements present in the image, such as the positioning of the subjects and the inclusion of the news studio backdrop.)"
7297379615079714050.mp4_scene_12,shot_scale_vlm_1c_09_tuple,"('Medium full shot', 'The subject (tank) occupies a significant portion of the frame from the knees up, with the background including the Israeli flag and the sky providing context without overwhelming the main focus.)"
7295793486308101378.mp4_scene_2,shot_scale_vlm_1c_09_tuple,"(Uncertain, Motivation: The image shows a damaged building with debris and text overlaid, but it is unclear if there is a discernible subject or focus within the frame.)"
7295793486308101378.mp4_scene_4,shot_scale_vlm_1b_09_tuple,"('Empty', 'Motivation: The frame shows an empty yard with various objects scattered around, but no discernible subject or focus within the shot.)"
7295793486308101378.mp4_scene_4,shot_scale_vlm_1c_09_tuple,"(Uncertain, Motivation: The image appears to be a wide shot with a focus on the surroundings and debris, but it is difficult to determine if there is a clear subject due to the lack of visible human figures or objects in the frame.)"
7295172273592339713.mp4_scene_1,shot_scale_vlm_1c_09_tuple,"('Medium close up', 'The subject is framed from the head up to the shoulders and takes up most of the frame, indicating a close-up shot that focuses on the person's face and upper body.)"
7295172273592339713.mp4_scene_2,shot_scale_vlm_1c_09_tuple,"(Uncertain, 'Motivation') - The image appears to be an aerial view with a crosshair indicating a target, but it's unclear if there is a discernible subject or focus within the frame. The background dominates the scene, making it difficult to classify the shot scale accurately."
7295172273592339713.mp4_scene_3,shot_scale_vlm_1c_09_tuple,"('Wide shot', 'The subject (tank) is visible in full with the background dominating them, indicating a wide shot where the tank is the main focus against the landscape.)"
7295172273592339713.mp4_scene_4,shot_scale_vlm_1c_09_tuple,"(Uncertain, 'Motivation') - The image appears to be an aerial view with a blurred background and foreground, making it difficult to determine the exact shot scale."
7295172273592339713.mp4_scene_8,shot_scale_vlm_1c_09_tuple,"(Uncertain, 'Motivation') - The image appears to be an aerial view of a city with smoke and fire visible, but it is difficult to determine the exact shot scale due to the lack of clear subjects or focus points."
7295172273592339713.mp4_scene_12,shot_scale_vlm_1a_09_tuple,"('Empty', 'The image appears to be an aerial view of a hospital complex with various labels and text, but no discernible subject or focus within the frame. The background is the setting or environment of the hospital.)"
7295172273592339713.mp4_scene_12,shot_scale_vlm_1c_09_tuple,"(Uncertain, 'Motivation') - The image appears to be an aerial view of a hospital complex with various labels indicating different departments and areas. However, without a clear subject or focal point within the frame, it is difficult to accurately classify the shot scale."
7295172273592339713.mp4_scene_14,shot_scale_vlm_1b_09_tuple,"('Empty', 'Motivation: The frame shows only a document with text and no discernible subject or focus.)"
7295172273592339713.mp4_scene_17,shot_scale_vlm_1c_09_tuple,"(Uncertain, 'Motivation') - The image appears to be completely black with no discernible subject or focus, making it difficult to classify as any specific shot scale."
7294994059897097473.mp4_scene_2,shot_scale_vlm_1c_09_tuple,"(Uncertain, 'Motivation') - The image appears to be very dark and lacks any discernible subject or focus, making it difficult to classify with certainty."
7293342488759225602.mp4_scene_2,shot_scale_vlm_1c_09_tuple,"('Medium full shot', 'The subjects are framed from the knees up, with the background showing the environment and a vehicle, indicating that the shot is not as wide as a wide shot but more encompassing than a close-up.)"
7293266381401754881.mp4_scene_3,shot_scale_vlm_1c_09_tuple,"('Medium close up', 'The subject is framed from the head up to the shoulders and takes up most of the frame, with a clear focus on the individual's face and upper body against the natural background.)"
7293266381401754881.mp4_scene_4,shot_scale_vlm_1c_09_tuple,"('Medium close up', 'The subject takes up most of the frame from head to shoulders, with a clear focus on the person's face and upper body against the background of barbed wire and landscape.)"
7293266381401754881.mp4_scene_6,shot_scale_vlm_1c_09_tuple,"('Medium close up', 'The subject takes up most of the frame from head to shoulders, with a clear focus on their face and upper body, indicating a close-up shot.)"
7292023312455077121.mp4_scene_11,shot_scale_vlm_1b_09_tuple,"('MCU', 'The shot focuses on the driver's face and upper body, with the background showing the car and part of the surroundings, but not enough to classify as a full shot or wider.)"
7292023312455077121.mp4_scene_20,shot_scale_vlm_1b_04_tuple,"('MCU', ""The subject's face and upper body are prominently featured, with their hands visible but not taking up most of the frame."""
7291324555233103106.mp4_scene_1,shot_scale_vlm_1c_09_tuple,"('Medium close up', 'The subject is framed from the head up and takes up most of the frame, with the background showing a cityscape and sky.)"
7290776842250833153.mp4_scene_3,shot_scale_vlm_1c_09_tuple,"(Uncertain, Motivation: The image appears to be a close-up shot with a blurred foreground and a clear background, but it is difficult to determine the exact shot scale due to the lack of visible subjects and the presence of text overlay.)"
7290776842250833153.mp4_scene_9,shot_scale_vlm_1c_09_tuple,"(Uncertain, Motivation: The image appears to be a medium shot as it shows a person from the waist up and the background is somewhat visible, but the focus on the subject is not clear enough to confidently classify it.)"
7290776842250833153.mp4_scene_10,shot_scale_vlm_1c_09_tuple,"(Uncertain, Motivation: The image appears to be a medium shot as it shows a subject from the waist up and captures some background details. However, the presence of multiple subjects in different positions makes it difficult to determine the exact shot scale.)"
7290776842250833153.mp4_scene_11,shot_scale_vlm_1b_09_tuple,"('Empty', 'Motivation: The image appears to be focused on the sky with a bright light source and some smoke trails, but there is no discernible subject or focus within the frame.)"
7290776842250833153.mp4_scene_11,shot_scale_vlm_1c_09_tuple,"(Uncertain, 'Motivation') - The provided image appears to be an empty frame with no discernible subject or focus, showing only the setting or environment. However, without additional context or visual elements that could provide more information about the scene, it is difficult to accurately classify the shot scale."
7290500266414132481.mp4_scene_3,shot_scale_vlm_1c_09_tuple,"('Medium close up', 'The subject fills most of the frame from head to shoulders, with a clear focus on their face and upper body, indicating a close-up shot.)"
7290500266414132481.mp4_scene_6,shot_scale_vlm_1c_09_tuple,"(Uncertain, 'Motivation') - The image appears to be an outdoor scene with trees and sky visible, but it's difficult to determine a specific subject due to motion blur and lack of focus on any particular element. Therefore, I am uncertain about the shot scale."
7289300995413249282.mp4_scene_2,shot_scale_vlm_1c_09_tuple,"('Medium close up', 'The subject (the sign) takes up most of the frame from head to shoulders, with the background consisting of a tree and part of the sky.)"
7289300995413249282.mp4_scene_10,shot_scale_vlm_1c_09_tuple,"(Uncertain, 'Motivation') - The image appears to be completely black with no discernible subject or focus, making it difficult to classify as any specific shot scale."
7288863058158472449.mp4_scene_2,shot_scale_vlm_1c_09_tuple,"(Uncertain, Motivation: The image appears to be a medium shot as it shows a building and some vegetation in the foreground, but there is no clear subject or focal point within the frame.)"
7288863058158472449.mp4_scene_5,shot_scale_vlm_1c_09_tuple,"('Medium close up', 'The subject is framed from the head up and takes up most of the frame, with a focus on their face and upper body, indicating a close-up shot.)"
7288863058158472449.mp4_scene_6,shot_scale_vlm_1c_09_tuple,"(Uncertain, Motivation: The image appears to be a close-up shot with a focus on the ground and some scattered items, but it's difficult to determine the exact shot scale due to limited context and framing.)"
7288863058158472449.mp4_scene_7,shot_scale_vlm_1c_09_tuple,"(Uncertain, 'Motivation') - The image shows a damaged building with some vegetation and a person's backpack visible in the foreground. However, it is unclear if the subject is fully visible from head to toe, or if there are any discernible subjects at all. Therefore, the shot scale cannot be confidently determined."
7288863058158472449.mp4_scene_9,shot_scale_vlm_1c_09_tuple,"(Uncertain, 'Motivation') - The image appears to be a wide shot with a focus on a damaged building and its surroundings. However, without more context or a clearer view of the subject matter, it's difficult to determine if there is a discernible subject or focus in the frame."
7288863058158472449.mp4_scene_13,shot_scale_vlm_1c_09_tuple,"(Uncertain, 'Motivation') - The image appears to be a close-up view of a damaged structure with various objects scattered around it. However, without more context or a clearer view of the subject matter, it's challenging to accurately classify the shot scale."
7287823285566426369.mp4_scene_2,shot_scale_vlm_1c_09_tuple,"(Uncertain, 'Motivation') - The image appears to be a wide shot with a burning vehicle and smoke in the background. However, it is difficult to determine the exact shot scale due to the lack of clear visual elements and the presence of text overlay."
7287823285566426369.mp4_scene_4,shot_scale_vlm_1a_09_tuple,"('Wide shot', 'The subject is not clearly defined and the background dominates the frame with a cityscape and fire.)"
7287823285566426369.mp4_scene_8,shot_scale_vlm_1b_09_tuple,"('WS', 'The shot captures the vehicle and its occupants in full, with the background (street and buildings) providing context but not overwhelming the main subject.)"
7287823285566426369.mp4_scene_10,shot_scale_vlm_1b_09_tuple,"('uncertain', 'The image appears to be a close-up shot with text overlay and blurred background, making it difficult to determine the scale without more context or clearer focus on the subject.)"
7287823285566426369.mp4_scene_10,shot_scale_vlm_1c_09_tuple,"(Uncertain, 'Motivation') - The image appears to be a close-up shot with a blurred background, but it's difficult to determine the exact shot scale due to the lack of clear visual elements and context."
7287823285566426369.mp4_scene_14,shot_scale_vlm_1a_09_tuple,"('Uncertain', 'The image appears to be a close-up shot with a blurry background, making it difficult to determine the exact scale without more context or clearer visuals.)"
7287823285566426369.mp4_scene_14,shot_scale_vlm_1c_09_tuple,"(Uncertain, 'Motivation') - The image appears to be an extreme close-up or close-up shot due to the limited visible area and focus on a specific object or subject. However, without more context or additional visual information, it is difficult to accurately classify the shot scale."
